
{
    "subrealms": {
        "rules": [
            {
                "p": "a.*",
                "o": {
                    "5120478a6ceb2d7bf2f88b0b644ba6c8b11b583722afca033dc8ea1c259cac505802": {
                        "v": 1000,
                        "id": "4112003789d572f764ff91b273266997e3a5153e017dc8a4fca020eaff824304i0"
                    }
                }
            },
            {
                "p": "b.*",
                "o": {
                    "5120c2529c35bacd75646eb3135ca1270325ba2bab5d473b7c8a1eab54b21deea86e": {
                        "v": 546
                    },
                    "5120478a6ceb2d7bf2f88b0b644ba6c8b11b583722afca033dc8ea1c259cac505802": {
                        "v": 1001,
                        "id": "4112003789d572f764ff91b273266997e3a5153e017dc8a4fca020eaff824304i0"
                    }
                }
            }
        ]
    }
}
